速腾,一线城市,油耗,490636
速腾,一线城市,安全,509242
速腾,一线城市,价格,665589
速腾,一线城市,外观,611325
速腾,一线城市,动力,616860
速腾,一线城市,操控,573155
速腾,一线城市,内饰,486462
速腾,一线城市,保养,582724
速腾,一线城市,配置,524553
速腾,二线城市,油耗,492803
速腾,二线城市,安全,503924
速腾,二线城市,价格,656551
速腾,二线城市,外观,601251
速腾,二线城市,动力,611170
速腾,二线城市,操控,567865
速腾,二线城市,内饰,485441
速腾,二线城市,保养,581959
速腾,二线城市,配置,527700
速腾,三线城市,油耗,629521
速腾,三线城市,安全,640894
速腾,三线城市,价格,839483
速腾,三线城市,外观,765637
速腾,三线城市,动力,785066
速腾,三线城市,操控,726449
速腾,三线城市,内饰,624479
速腾,三线城市,保养,747669
速腾,三线城市,配置,682277
途观,一线城市,油耗,1005119
途观,一线城市,安全,1093038
途观,一线城市,价格,1287910
途观,一线城市,外观,1192732
途观,一线城市,动力,1227867
途观,一线城市,操控,1159322
途观,一线城市,内饰,998308
途观,一线城市,保养,1147901
途观,一线城市,配置,1100780
途观,二线城市,油耗,946183
途观,二线城市,安全,1011525
途观,二线城市,价格,1218668
途观,二线城市,外观,1123150
途观,二线城市,动力,1145978
途观,二线城市,操控,1091675
途观,二线城市,内饰,936623
途观,二线城市,保养,1074709
途观,二线城市,配置,1029153
途观,三线城市,油耗,1192238
途观,三线城市,安全,1263935
途观,三线城市,价格,1563976
途观,三线城市,外观,1426763
途观,三线城市,动力,1453218
途观,三线城市,操控,1388726
途观,三线城市,内饰,1179139
途观,三线城市,保养,1360250
途观,三线城市,配置,1304829
奥迪A3进口,一线城市,油耗,437208
奥迪A3进口,一线城市,安全,483719
奥迪A3进口,一线城市,价格,575416
奥迪A3进口,一线城市,外观,549243
奥迪A3进口,一线城市,动力,534536
奥迪A3进口,一线城市,操控,518687
奥迪A3进口,一线城市,内饰,497131
奥迪A3进口,一线城市,保养,515636
奥迪A3进口,一线城市,配置,530227
奥迪A3进口,二线城市,油耗,418918
奥迪A3进口,二线城市,安全,464024
奥迪A3进口,二线城市,价格,548735
奥迪A3进口,二线城市,外观,527463
奥迪A3进口,二线城市,动力,511440
奥迪A3进口,二线城市,操控,499077
奥迪A3进口,二线城市,内饰,477531
奥迪A3进口,二线城市,保养,491596
奥迪A3进口,二线城市,配置,510155
奥迪A3进口,三线城市,油耗,528705
奥迪A3进口,三线城市,安全,590452
奥迪A3进口,三线城市,价格,699937
奥迪A3进口,三线城市,外观,673139
奥迪A3进口,三线城市,动力,649859
奥迪A3进口,三线城市,操控,633613
奥迪A3进口,三线城市,内饰,609502
奥迪A3进口,三线城市,保养,627262
奥迪A3进口,三线城市,配置,651162
桑塔纳,一线城市,油耗,536130
桑塔纳,一线城市,安全,584244
桑塔纳,一线城市,价格,687951
桑塔纳,一线城市,外观,695092
桑塔纳,一线城市,动力,709138
桑塔纳,一线城市,操控,675211
桑塔纳,一线城市,内饰,609908
桑塔纳,一线城市,保养,623382
桑塔纳,一线城市,配置,630748
桑塔纳,二线城市,油耗,543703
桑塔纳,二线城市,安全,594059
桑塔纳,二线城市,价格,703910
桑塔纳,二线城市,外观,709889
桑塔纳,二线城市,动力,724643
桑塔纳,二线城市,操控,689857
桑塔纳,二线城市,内饰,617107
桑塔纳,二线城市,保养,633926
桑塔纳,二线城市,配置,636468
桑塔纳,三线城市,油耗,728502
桑塔纳,三线城市,安全,799171
桑塔纳,三线城市,价格,956990
桑塔纳,三线城市,外观,970965
桑塔纳,三线城市,动力,992741
桑塔纳,三线城市,操控,943865
桑塔纳,三线城市,内饰,839689
桑塔纳,三线城市,保养,855369
桑塔纳,三线城市,配置,867838
凌渡,一线城市,油耗,285181
凌渡,一线城市,安全,277771
凌渡,一线城市,价格,343887
凌渡,一线城市,外观,318795
凌渡,一线城市,动力,334242
凌渡,一线城市,操控,322859
凌渡,一线城市,内饰,290277
凌渡,一线城市,保养,313351
凌渡,一线城市,配置,304519
凌渡,二线城市,油耗,290644
凌渡,二线城市,安全,281430
凌渡,二线城市,价格,352938
凌渡,二线城市,外观,324771
凌渡,二线城市,动力,339352
凌渡,二线城市,操控,331024
凌渡,二线城市,内饰,295191
凌渡,二线城市,保养,322454
凌渡,二线城市,配置,308809
凌渡,三线城市,油耗,367558
凌渡,三线城市,安全,353772
凌渡,三线城市,价格,443714
凌渡,三线城市,外观,409346
凌渡,三线城市,动力,430435
凌渡,三线城市,操控,416933
凌渡,三线城市,内饰,372348
凌渡,三线城市,保养,402850
凌渡,三线城市,配置,391339
雅阁,一线城市,油耗,611157
雅阁,一线城市,安全,645421
雅阁,一线城市,价格,716406
雅阁,一线城市,外观,715105
雅阁,一线城市,动力,730731
雅阁,一线城市,操控,690581
雅阁,一线城市,内饰,636128
雅阁,一线城市,保养,656569
雅阁,一线城市,配置,665215
雅阁,二线城市,油耗,585473
雅阁,二线城市,安全,616650
雅阁,二线城市,价格,682710
雅阁,二线城市,外观,682907
雅阁,二线城市,动力,700727
雅阁,二线城市,操控,661805
雅阁,二线城市,内饰,611416
雅阁,二线城市,保养,626344
雅阁,二线城市,配置,638408
雅阁,三线城市,油耗,746847
雅阁,三线城市,安全,786324
雅阁,三线城市,价格,876758
雅阁,三线城市,外观,872860
雅阁,三线城市,动力,901064
雅阁,三线城市,操控,848595
雅阁,三线城市,内饰,781450
雅阁,三线城市,保养,800400
雅阁,三线城市,配置,818807
